,female_rate,male_rate,rate_gap
HIC,67.2627688439355,80.2916259439449,13.02885710000939
INX,,,
LIC,58.1597451846284,76.3238620358992,18.164116851270798
LMC,35.753464644377,76.4112279420495,40.65776329767251
LMY,50.2351092592049,78.1695009569139,27.934391697708996
MIC,49.4961813357952,78.3352581825175,28.839076846722307
UMC,63.7337684023945,80.3488459642934,16.6150775618989
